Name,Kinase,Direct binder,CC-401,OTS-167
FAM58A;FAM58BP,no,no,n.i.,(758)
CSNK1G1,yes,yes,282,(665)
ULK3,yes,yes,n.i.,(474)
CCNA2,no,no,n.i.,(440)
ACAD11,no,yes,n.i.,n.d.
RIPK3,yes,yes,n.i.,(324)
ACOX1,no,yes,n.i.,n.d.
FADS2,no,no,n.d.,(199)
SUMO2,no,no,n.i.,(193)
ACSL5,no,yes,n.i.,n.d.
SMS,no,no,n.d.,(172)
MAP4K4,yes,yes,4172,(88)
ERN1,yes,yes,n.i.,(81)
CDC42BPG,yes,yes,n.i.,(63)
CSNK1G2,yes,yes,105,(46)
ACVRL1,yes,yes,n.d.,n.d.
EPHA7,yes,yes,n.i.,(16)
PDPK1;PDPK2P,yes,yes,n.i.,(10)
ADCK5,yes,yes,n.i.,n.d.
TAOK2,yes,yes,n.i.,(10)
KLHL6,no,no,(785),(7)
DHX30,no,yes,n.i.,(6)
PIP4K2C,yes,yes,n.i.,(3)
CCNT2,no,no,n.i.,(2)
BMPR1B,yes,yes,n.i.,2
GAK,yes,yes,1464,5
RIPK2,yes,yes,n.i.,5
CSNK2A2,yes,yes,584,10
DYRK1A,yes,yes,161,10
CLK1,yes,yes,n.i.,11
CSNK2A1;CSNK2A3,yes,yes,747,11
CSNK2B,no,no,741,11
DCAF7,no,no,28,11
IRAK3,yes,yes,n.i.,12
BCR,no,yes,n.i.,14
AP2A2,no,no,n.i.,n.d.
EIF3J,no,no,784,14
LATS1,yes,yes,n.i.,14
PIM1,yes,yes,n.i.,14
STK10,yes,yes,n.i.,14
ATR,yes,yes,n.d.,n.d.
TAOK1,yes,yes,n.i.,17
TAOK3,yes,yes,n.i.,21
NLK,yes,yes,n.i.,24
RET,yes,yes,n.i.,28
MELK,yes,yes,217,29
PTK2B,yes,yes,n.i.,30
PLK4,yes,yes,n.i.,33
CDK16,yes,yes,n.i.,34
FER,yes,yes,n.i.,47
BRD4,no,no,n.d.,n.d.
MAP3K11,yes,yes,n.i.,52
CCNB1,no,no,n.i.,57
RPS6KA6,yes,yes,n.i.,57
MAP2K5,yes,yes,n.i.,58
STK4,yes,yes,n.i.,67
PRKD2,yes,yes,56,69
STK3,yes,yes,n.i.,70
MAP4K5,yes,yes,n.i.,71
CAMK1G,yes,yes,n.d.,n.d.
LCK,yes,yes,n.i.,73
EPHA5,yes,yes,n.i.,75
GSK3B,yes,yes,n.i.,80
PRKCD,yes,yes,n.i.,80
CDK9,yes,yes,n.i.,81
GSK3A,yes,yes,n.i.,87
MAPK15,yes,yes,n.i.,90
CDK2,yes,yes,n.i.,91
EPHA1,yes,yes,n.i.,91
CCNB2,no,no,n.i.,92
PRKD3,yes,yes,90,93
CIT,yes,yes,n.i.,98
SLC5A1,no,no,n.d.,98
UNC119,no,no,n.i.,99
CCNE2,no,no,n.d.,n.d.
ZAK,yes,yes,n.i.,101
PDGFRB,yes,yes,n.i.,103
EPHA2,yes,yes,n.i.,110
RPS6KA4,yes,yes,n.i.,111
MAPK10,yes,yes,3243,112
SLK,yes,yes,n.i.,113
HCK,yes,yes,n.i.,116
PTK2,yes,yes,n.i.,118
LYN,yes,yes,n.i.,121
CDC7,yes,yes,n.d.,n.d.
FYN,yes,yes,n.i.,125
CDK10,yes,yes,n.d.,n.d.
AURKB,yes,yes,n.i.,126
CAMKK2,yes,yes,n.i.,126
EPHB4,yes,yes,n.i.,143
EPHB2,yes,yes,n.i.,149
CDK18,yes,yes,n.i.,n.d.
TGFBR1,yes,yes,n.i.,149
PRKAG1,no,yes,n.i.,150
MAPK8,yes,yes,636,151
Q6ZSR9,yes,yes,2529,155
CDK7,yes,yes,n.i.,157
CSNK1E,yes,yes,285,159
PRKAA1,yes,yes,n.i.,159
CDKL5,yes,yes,n.i.,n.d.
PRKCA,yes,yes,n.i.,164
MAP4K2,yes,yes,n.i.,166
RPS6KA3,yes,yes,n.i.,166
AAK1,yes,yes,2608,172
CKAP5,no,no,n.i.,n.d.
CKS1B,no,no,n.i.,n.d.
FES,yes,yes,n.i.,179
EPHA4,yes,yes,n.i.,181
CLK3,yes,yes,n.d.,n.d.
CLK4,yes,yes,n.i.,n.d.
IKBKE,yes,yes,n.i.,182
CNOT2,no,no,n.i.,n.d.
COG1,no,no,n.i.,n.d.
STK16,yes,yes,n.i.,186
ABL2,yes,yes,n.i.,187
CSNK1D,yes,yes,287,188
AURKA,yes,yes,n.i.,194
IRAK4,yes,yes,n.i.,194
PRKAB1,no,no,n.i.,194
ACVR1B,yes,yes,n.i.,195
PRKAG2,no,yes,n.i.,208
ACVR1,yes,yes,n.i.,222
PRKCB,yes,yes,n.i.,233
CCNE1,no,no,n.i.,234
SIK2,yes,yes,n.i.,240
PKN1,yes,yes,n.i.,244
BMP2K,yes,yes,1467,245
RPS6KA1,yes,yes,n.i.,251
CDK5,yes,yes,n.i.,253
MAPKAPK5,yes,yes,n.i.,272
ABL1,yes,yes,n.i.,280
CDK1,yes,yes,n.i.,288
RPS6KA5,yes,yes,n.i.,298
MST1R,yes,yes,n.i.,311
TP53RK,yes,yes,n.i.,311
PRKCE;PRKCH,yes,yes,n.d.,347
SIK3,yes,yes,n.i.,356
BTK,yes,yes,n.i.,361
MAPK9,yes,yes,340,364
PHKG2,yes,yes,n.i.,397
CSNK1G3,yes,yes,97,427
IRAK1,yes,yes,n.i.,441
MAP3K3,yes,yes,n.i.,442
TBK1,yes,yes,n.i.,452
DNAJC3,no,no,n.d.,n.d.
MAP3K2,yes,yes,n.i.,460
AZI2,no,no,n.i.,500
DDR1,yes,yes,n.i.,515
PAK4,yes,yes,n.i.,515
DYRK1B,yes,yes,n.i.,n.d.
EPHB6,yes,yes,n.i.,521
CCNH,no,no,n.i.,523
TANK,no,no,n.i.,571
CCNT1,no,no,n.i.,860
TBKBP1,no,no,n.i.,870
MAP3K5,yes,yes,n.i.,878
CSNK1A1,yes,yes,5161,931
MAP2K1,yes,yes,n.i.,968
FECH,no,yes,32384,1089
PRKAB2,no,no,n.i.,1508
TNK1,yes,yes,n.i.,1778
MAP3K6,yes,yes,n.i.,1908
DDR2,yes,yes,n.i.,2284
MAP2K6,yes,yes,n.i.,4559
ACAD10,no,yes,n.i.,n.i.
ACADVL,no,yes,n.d.,n.i.
ACOX3,no,yes,n.i.,n.i.
ACP1,no,no,n.i.,n.i.
ACTR2,no,yes,n.i.,n.i.
ACTR3,no,yes,n.i.,n.i.
ACVR2B,yes,yes,n.i.,n.i.
ADCK1,yes,yes,n.i.,n.i.
ADCK3,yes,yes,n.i.,n.i.
ADD2,no,no,n.d.,n.i.
ADK,no,yes,n.i.,n.i.
ADRBK1,yes,yes,n.i.,n.i.
FAH,no,no,n.d.,n.d.
ADSL,no,yes,n.i.,n.i.
FAM83A,no,no,n.i.,n.d.
AFF1,no,no,n.i.,n.i.
FAM92B,no,no,n.i.,n.d.
FANCD2,no,no,n.i.,n.d.
AFF4,no,no,n.i.,n.i.
AIMP1,no,no,n.i.,n.i.
AK2,no,yes,n.i.,n.i.
AKR1C3,no,no,n.d.,n.i.
AKT1,yes,yes,n.i.,n.i.
AKT2,yes,yes,n.i.,n.i.
AKT3,yes,yes,n.i.,n.i.
FGR,yes,yes,n.d.,n.d.
ALK,yes,yes,n.d.,n.i.
AP1B1,no,no,n.i.,n.i.
AP1G1,no,yes,n.i.,n.i.
AP2A1,no,no,(2280),n.i.
AP2B1,no,no,(1597),n.i.
AP2M1,no,no,n.i.,n.i.
APRT,no,yes,n.i.,n.i.
ARAF,yes,yes,n.i.,n.i.
GEMIN4,no,no,n.i.,n.d.
BMPR1A,yes,yes,n.i.,n.i.
BMPR2,yes,yes,n.i.,n.i.
BRAF,yes,yes,n.i.,n.i.
GNAI2,no,yes,n.i.,n.d.
BRD4;BRD3,no,no,n.i.,n.i.
BUB1,yes,yes,n.i.,n.i.
GRK6,yes,yes,n.i.,n.d.
C2CD5,no,no,n.i.,n.i.
CAB39,no,no,n.i.,n.i.
GSKIP,no,no,n.d.,n.d.
CABLES1,no,no,n.i.,n.i.
CALM1,no,no,n.i.,n.i.
CALR,no,no,(40),n.i.
CAMK2D,yes,yes,n.i.,n.i.
HIST2H2BE;HIST1H2BB;HIST1H2BO;HIST1H2BJ;HIST3H2BB;HIST1H2BA,no,no,n.d.,n.d.
CAMK2G,yes,yes,n.i.,n.i.
CAMK4,yes,yes,n.i.,n.i.
CAPNS1,no,no,n.i.,n.i.
CAPZA1,no,no,n.i.,n.i.
CARS,no,yes,n.i.,n.i.
CBR1,no,no,n.d.,n.i.
CCAR2,no,no,n.i.,n.i.
CCDC47,no,no,n.i.,n.i.
ILK,yes,yes,n.i.,n.d.
IMPDH2,no,yes,n.i.,n.d.
INA,no,no,n.d.,n.d.
CCNI,no,no,n.i.,n.i.
CCNK,no,no,n.i.,n.i.
CDC23,no,no,n.i.,n.i.
CDC42BPA,yes,yes,n.i.,n.i.
CDC42BPB,yes,yes,n.i.,n.i.
CDK12,yes,yes,n.i.,n.i.
CDK13,yes,yes,n.i.,n.i.
CDK17,yes,yes,n.i.,n.i.
JAK2,yes,no,n.d.,n.d.
CDK3,yes,yes,n.i.,n.i.
KIT,yes,yes,n.d.,n.d.
CDK4,yes,yes,n.i.,n.i.
CDK6,yes,yes,n.i.,n.i.
CERS2,no,no,n.i.,n.i.
CHD4,no,yes,n.i.,n.i.
CHEK1,yes,yes,n.i.,n.i.
CLK2,yes,yes,n.i.,n.i.
CMPK1,no,yes,n.d.,n.i.
LMAN1,no,no,n.d.,n.d.
COMT,no,no,n.i.,n.i.
COX6C,no,no,n.i.,n.i.
CSK,yes,yes,n.i.,n.i.
CTTN,no,no,n.i.,n.i.
CYC1,no,yes,n.i.,n.i.
MAP2K4,yes,yes,n.d.,n.d.
DBI,no,no,n.i.,n.i.
DCK,no,yes,n.i.,n.i.
DCTPP1,no,yes,n.i.,n.i.
DDB1,no,no,n.i.,n.i.
DDT;DDTL,no,no,n.i.,n.i.
DDX1,no,yes,n.i.,n.i.
DDX3X,no,yes,n.i.,n.i.
DDX42,no,yes,n.d.,n.i.
DDX6,no,yes,n.i.,n.i.
DHCR24,no,yes,n.i.,n.i.
DKC1,no,no,n.i.,n.i.
DNAJA1,no,yes,n.i.,n.i.
DNAJB11,no,no,n.d.,n.i.
DNAJC9,no,no,n.i.,n.i.
DYNLL1,no,no,n.i.,n.i.
DYNLL2,no,no,n.i.,n.i.
EGFR,yes,yes,n.i.,n.i.
EIF2AK1,yes,yes,n.i.,n.i.
EIF2B1,no,no,n.d.,n.i.
EIF2S3;EIF2S3L,no,yes,n.i.,n.i.
EIF3M,no,no,n.i.,n.i.
EIF4G1,no,no,n.i.,n.i.
EIF5B,no,yes,n.d.,n.i.
MAPKAPK2,yes,yes,n.i.,n.d.
MAPKAPK3,yes,yes,n.i.,n.d.
EPHB3,yes,yes,n.i.,n.i.
ERCC2,no,yes,n.i.,n.i.
ERLIN2,no,no,n.i.,n.i.
MARK4,yes,yes,n.i.,n.d.
ERN2,yes,yes,n.i.,n.i.
ETF1,no,no,n.d.,n.i.
ETFB,no,yes,n.i.,n.i.
EWSR1,no,yes,n.i.,n.i.
EXOC4,no,no,n.i.,n.i.
FAM83B,no,no,(2),n.i.
MERTK,yes,yes,n.i.,n.d.
FANCI,no,no,n.i.,n.i.
MFAP1,no,no,n.d.,n.d.
MINK1,yes,yes,n.d.,n.d.
MLLT1,no,no,n.d.,n.d.
FARSB,no,yes,n.i.,n.i.
FDPS,no,no,n.i.,n.i.
FGFR1,yes,yes,n.i.,n.i.
MYH10,no,yes,n.d.,n.d.
FIBP,no,no,n.i.,n.i.
FLNB,no,no,n.d.,n.i.
FLT3,yes,yes,n.i.,n.i.
FRK,yes,yes,n.i.,n.i.
GAPVD1,no,no,(1063),n.i.
GARS,no,yes,n.i.,n.i.
GFPT1,no,no,n.d.,n.i.
GHITM,no,no,n.i.,n.i.
GLO1,no,no,n.d.,n.i.
GRAMD1A,no,no,n.i.,n.i.
GRB2,no,no,n.i.,n.i.
GSPT2,no,yes,n.d.,n.i.
GTPBP4,no,yes,n.i.,n.i.
NME2,no,yes,n.d.,n.d.
NME2P1,no,yes,n.d.,n.d.
HBG1,no,no,n.i.,n.i.
HMOX2,no,no,n.i.,n.i.
HNRNPH3,no,no,n.i.,n.i.
HSP90AB2P,no,yes,n.i.,n.i.
NUCKS1,no,no,n.d.,n.d.
IARS2,no,yes,n.d.,n.i.
ICK,yes,yes,n.i.,n.i.
IGF1R,yes,yes,n.i.,n.i.
IGF2BP3,no,no,n.i.,n.i.
INCENP,no,no,n.i.,n.i.
INPPL1,no,no,n.i.,n.i.
INSR,yes,yes,n.i.,n.i.
IPO7,no,no,n.i.,n.i.
JAK1,yes,no,n.i.,n.i.
KIAA0195,no,no,n.i.,n.i.
PAK6,yes,yes,n.i.,n.d.
LAGE3,no,no,n.i.,n.i.
LASP1,no,no,n.i.,n.i.
LIMK1,yes,yes,n.i.,n.i.
LIMK2,yes,yes,n.i.,n.i.
PDCD11,no,no,n.i.,n.d.
LSM3,no,no,n.d.,n.i.
MAP2K2,yes,yes,n.i.,n.i.
MAP2K3,yes,yes,n.i.,n.i.
MAP3K1,yes,yes,n.i.,n.i.
MAP3K4,yes,yes,n.i.,n.i.
MAP4K1,yes,yes,n.i.,n.i.
PGRMC1,no,yes,n.i.,n.d.
MAP4K3,yes,yes,n.i.,n.i.
MAPK1,yes,yes,n.i.,n.i.
MAPK11,yes,yes,n.i.,n.i.
MAPK14,yes,yes,n.i.,n.i.
PIGK,no,no,n.i.,n.d.
MAPK3,yes,yes,n.i.,n.i.
PIK3R1,no,no,n.i.,n.d.
MAPK7,yes,yes,n.i.,n.i.
PIM2,yes,yes,n.i.,n.d.
MARK2,yes,yes,n.i.,n.i.
PIP4K2A;PIP4K2B,yes,yes,n.d.,n.d.
MARK3,yes,yes,n.i.,n.i.
MAT2A,no,yes,n.i.,n.i.
MCM4,no,yes,n.i.,n.i.
MDH1,no,no,n.i.,n.i.
MDN1,no,yes,n.i.,n.i.
PLA2G2A,no,no,n.d.,n.d.
PLK1,yes,yes,n.d.,n.d.
MED23,no,no,n.i.,n.i.
MET,yes,yes,n.i.,n.i.
MNAT1,no,no,n.i.,n.i.
PPP4R2,no,no,n.i.,n.d.
MOB1A;MOB1B,no,no,n.i.,n.i.
MYH14,no,yes,n.i.,n.i.
MYLK,yes,yes,n.i.,n.i.
MYLK3,yes,yes,483,n.i.
NAT10,no,yes,n.i.,n.i.
NCKAP1L,no,no,n.i.,n.i.
NCL,no,yes,n.i.,n.i.
NDUFA13,no,yes,n.i.,n.i.
NEK1,yes,yes,n.i.,n.i.
NEK2,yes,yes,n.i.,n.i.
NEK3,yes,yes,n.i.,n.i.
NEK7,yes,yes,n.i.,n.i.
NEK9,yes,yes,n.i.,n.i.
NPM1,no,no,n.i.,n.i.
PRKCQ,yes,yes,n.i.,n.d.
PRKCZ,yes,yes,n.d.,n.d.
NQO2,no,yes,1413,n.i.
NTRK1,yes,yes,n.i.,n.i.
NUAK2,yes,yes,n.i.,n.i.
PRKX,yes,yes,n.d.,n.d.
OLA1,no,yes,n.i.,n.i.
OPA1,no,yes,n.i.,n.i.
OSBPL3,no,no,n.i.,n.i.
OSBPL8,no,no,n.i.,n.i.
OSGEP,no,no,n.i.,n.i.
P4HB,no,no,n.i.,n.i.
PAG1,no,no,n.i.,n.i.
PAICS,no,yes,n.i.,n.i.
PAK2,yes,yes,n.i.,n.i.
PASK,yes,yes,n.d.,n.i.
PCBP2;PCBP3,no,no,n.i.,n.i.
PCYT1A,no,yes,n.i.,n.i.
PDCD10,no,no,n.i.,n.i.
PDXK,no,yes,n.i.,n.i.
PEBP1,no,yes,n.i.,n.i.
PFKP,no,yes,n.i.,n.i.
PYCR2,no,no,n.i.,n.d.
PGD,no,no,n.i.,n.i.
PHKA1,no,no,n.i.,n.i.
PHKA2,no,no,n.d.,n.i.
PHKB,no,no,n.i.,n.i.
PIGT,no,no,n.i.,n.i.
PIP4K2A,yes,yes,n.i.,n.i.
RABL3,no,no,n.i.,n.d.
RAC1,no,yes,n.d.,n.d.
PKMYT1,yes,yes,n.i.,n.i.
RANGAP1,no,no,n.i.,n.d.
RASSF2,no,no,n.i.,n.d.
RASSF3,no,no,n.d.,n.d.
RASSF5,no,no,n.i.,n.d.
PKN2,yes,yes,n.i.,n.i.
PKN3,yes,yes,n.i.,n.i.
PPIB,no,no,n.i.,n.i.
PPP1CA,no,no,n.d.,n.i.
PRKACA,yes,yes,n.i.,n.i.
PRKACB,yes,yes,n.i.,n.i.
PRKACG,yes,yes,n.i.,n.i.
PRKAR2A,no,yes,n.i.,n.i.
PRKCI,yes,yes,n.i.,n.i.
PRKG1,yes,yes,n.i.,n.i.
PRKX;PRKY,yes,yes,n.i.,n.i.
PRPH,no,no,n.i.,n.i.
PSMA7,no,no,n.i.,n.i.
PSMB6,no,no,n.d.,n.i.
PSMC4,no,yes,n.i.,n.i.
PSMD12,no,no,n.i.,n.i.
PSMD6,no,yes,n.i.,n.i.
PSMD7,no,no,n.i.,n.i.
PSMG1,no,no,n.d.,n.i.
PTCD3,no,no,n.i.,n.i.
PTK6,yes,yes,n.i.,n.i.
RRP8,no,no,n.d.,n.d.
PTMA,no,no,n.d.,n.i.
S100A8,no,no,n.d.,n.d.
PTPN1,no,no,n.i.,n.i.
PYCR1,no,no,n.i.,n.i.
SAV1,no,no,n.i.,n.d.
SEC16A,no,no,n.i.,n.d.
PYGB,no,no,n.i.,n.i.
SGTA,no,no,n.i.,n.d.
PYGL,no,no,n.i.,n.i.
RAB10,no,yes,n.i.,n.i.
RAB27A,no,yes,n.i.,n.i.
RAB6A,no,yes,n.i.,n.i.
RAN,no,yes,n.i.,n.i.
RNPEP,no,no,n.i.,n.i.
ROCK1,yes,yes,n.i.,n.i.
ROCK2,yes,yes,n.i.,n.i.
RPL10,no,no,n.i.,n.i.
RPL13,no,no,n.i.,n.i.
SMARCC1,no,no,n.i.,n.d.
RPL28,no,no,n.i.,n.i.
RPL31,no,no,n.i.,n.i.
RPL35,no,no,n.i.,n.i.
RPL35A,no,no,n.i.,n.i.
SNAP29,no,no,n.i.,n.d.
RPL4,no,no,n.i.,n.i.
RPL6,no,no,n.i.,n.i.
SPAG9,no,no,n.d.,n.d.
RPS4X,no,no,n.i.,n.i.
RPS6KB1,yes,yes,n.i.,n.i.
S100A6,no,no,n.i.,n.i.
SAE1,no,yes,n.d.,n.i.
SARNP,no,no,n.d.,n.i.
SEPT9,no,yes,n.i.,n.i.
SKIV2L2,no,yes,n.i.,n.i.
STK24,yes,yes,n.i.,n.d.
SLC16A3,no,no,n.i.,n.i.
SLC25A11,no,no,n.i.,n.i.
STK38,yes,yes,n.d.,n.d.
STK38L,yes,yes,n.i.,n.d.
SLC25A5,no,yes,n.i.,n.i.
SLC25A6,no,yes,n.i.,n.i.
SLC2A1,no,no,n.i.,n.i.
SMARCE1,no,no,n.i.,n.i.
SMC1A,no,yes,n.d.,n.i.
SYNGR2,no,no,n.i.,n.d.
SMC2,no,yes,n.i.,n.i.
SNRNP200,no,yes,n.i.,n.i.
SNRPF,no,no,n.d.,n.i.
SRC,yes,yes,n.i.,n.i.
SRPR,no,yes,n.i.,n.i.
SRSF2,no,yes,n.i.,n.i.
SSR1,no,no,n.i.,n.i.
TESK1,yes,yes,n.i.,n.d.
TESK2,yes,yes,n.i.,n.d.
STK11,yes,yes,n.i.,n.i.
STK26,yes,yes,n.i.,n.i.
STRADA,yes,yes,n.i.,n.i.
THRAP3,no,yes,n.i.,n.d.
SUCLA2,no,yes,n.d.,n.i.
TNIK,yes,yes,2343,n.d.
SYK,yes,yes,n.i.,n.i.
TEC,yes,yes,n.i.,n.i.
TEX264,no,no,n.i.,n.i.
TGFBR2,yes,yes,n.i.,n.i.
TMEM33,no,no,n.i.,n.i.
TNK2,yes,yes,n.i.,n.i.
TRAF2,no,no,n.i.,n.d.
TRAF7,no,no,n.i.,n.d.
TRRAP,no,no,n.i.,n.d.
TTK,yes,yes,n.i.,n.d.
TOP2A,no,yes,n.i.,n.i.
TOP2B,no,yes,n.i.,n.i.
TPRKB,no,no,n.i.,n.i.
U2AF1;U2AF1L4,no,yes,n.d.,n.d.
TUFM,no,yes,n.i.,n.i.
UBASH3B,no,no,n.i.,n.d.
TXN,no,no,n.i.,n.i.
TYK2,yes,no,n.i.,n.i.
UBAP2L,no,no,n.i.,n.i.
UBE3C,no,no,n.i.,n.i.
UGGT1,no,no,n.i.,n.i.
ULK1,yes,yes,n.i.,n.i.
VDAC3,no,yes,n.i.,n.i.
WEE1,yes,yes,n.i.,n.i.
YARS,no,yes,n.i.,n.i.
YES1,yes,yes,n.i.,n.i.
YTHDF3;YTHDF1,no,no,n.i.,n.i.
YWHAG,no,no,n.i.,n.i.
YWHAQ,no,no,n.i.,n.i.
