Name,CC401,OTSSP167
AAK1,2608,172
ABL1,n.i.,280
ABL2,n.i.,187
ACAD11,n.i.,n.d.
ACADVL,n.d.,n.i.
ACOX3,n.i.,n.i.
ACP1,n.i.,n.i.
ACTR2,n.i.,n.i.
ACTR3,n.i.,n.i.
ACVR1,n.i.,222
ACVR1B,n.i.,195
ACVR2B,n.i.,n.i.
ADCK1,n.i.,n.i.
ADCK3,n.i.,n.i.
ADCK5,n.i.,n.d.
ADK,n.i.,n.i.
ADRBK1,n.i.,n.i.
ADSL,n.i.,n.i.
AIMP1,n.i.,n.i.
AK2,n.i.,n.i.
AKR1C3,n.d.,n.i.
AKT1,n.i.,n.i.
AKT2,n.i.,n.i.
AKT3,n.i.,n.i.
AP1B1,n.i.,n.i.
AP1G1,n.i.,n.i.
AP2A1,(2280),n.i.
AP2A2,n.i.,n.d.
AP2B1,(1597),n.i.
AP2M1,n.i.,n.i.
ARAF,n.i.,n.i.
ATR,n.d.,n.d.
AURKA,n.i.,194
AURKB,n.i.,126
AZI2,n.i.,500
BCR,n.i.,14
BMP2K,1467,245
BMPR1A,n.i.,n.i.
BMPR1B,n.i.,2
BMPR2,n.i.,n.i.
BRAF,n.i.,n.i.
BRD4;BRD3,n.i.,n.i.
BTK,n.i.,361
BUB1,n.i.,n.i.
C2CD5,n.i.,n.i.
CAB39,n.i.,n.i.
CABLES1,n.i.,n.i.
CALR,(40),n.i.
CAMK2D,n.i.,n.i.
CAMK2G,n.i.,n.i.
CAMK4,n.i.,n.i.
CAMKK2,n.i.,126
CAPNS1,n.i.,n.i.
CAPZA1,n.i.,n.i.
CCAR2,n.i.,n.i.
CCDC47,n.i.,n.i.
CCNA2,n.i.,(440)
CCNB1,n.i.,57
CCNB2,n.i.,92
CCNE1,n.i.,234
CCNE2,n.d.,n.d.
CCNH,n.i.,523
CCNI,n.i.,n.i.
CCNK,n.i.,n.i.
CCNT1,n.i.,860
CCNT2,n.i.,(2)
CDC23,n.i.,n.i.
CDC42BPA,n.i.,n.i.
CDC42BPB,n.i.,n.i.
CDC42BPG,n.i.,(63)
CDC7,n.d.,n.d.
CDK1,n.i.,288
CDK12,n.i.,n.i.
CDK13,n.i.,n.i.
CDK16,n.i.,34
CDK17,n.i.,n.i.
CDK2,n.i.,91
CDK4,n.i.,n.i.
CDK5,n.i.,253
CDK6,n.i.,n.i.
CDK7,n.i.,157
CDK9,n.i.,81
CDKL5,n.i.,n.d.
CERS2,n.i.,n.i.
CHD4,n.i.,n.i.
CHEK1,n.i.,n.i.
CIT,n.i.,98
CKS1B,n.i.,n.d.
CLK1,n.i.,11
CLK3,n.d.,n.d.
CLK4,n.i.,n.d.
COG1,n.i.,n.d.
COMT,n.i.,n.i.
COX6C,n.i.,n.i.
CSK,n.i.,n.i.
CSNK1A1,5161,931
CSNK1D,287,188
CSNK1E,285,159
CSNK1G1,282,(665)
CSNK1G2,105,(46)
CSNK1G3,97,427
CSNK2A1;CSNK2A3,747,11
CSNK2A2,584,10
CSNK2B,741,11
CTTN,n.i.,n.i.
CYC1,n.i.,n.i.
DCAF7,28,11
DCK,n.i.,n.i.
DCTPP1,n.i.,n.i.
DDB1,n.i.,n.i.
DDR1,n.i.,515
DDR2,n.i.,2284
DDX1,n.i.,n.i.
DDX3X,n.i.,n.i.
DDX42,n.d.,n.i.
DDX6,n.i.,n.i.
DHCR24,n.i.,n.i.
DKC1,n.i.,n.i.
DNAJA1,n.i.,n.i.
DNAJC9,n.i.,n.i.
DYNLL1,n.i.,n.i.
DYNLL2,n.i.,n.i.
DYRK1A,161,10
EGFR,n.i.,n.i.
EIF2AK1,n.i.,n.i.
EIF2S3;EIF2S3L,n.i.,n.i.
EIF3J,784,14
EIF4G1,n.i.,n.i.
EIF5B,n.d.,n.i.
EPHA1,n.i.,91
EPHA2,n.i.,110
EPHA4,n.i.,181
EPHA5,n.i.,75
EPHB2,n.i.,149
EPHB3,n.i.,n.i.
EPHB4,n.i.,143
EPHB6,n.i.,521
ERCC2,n.i.,n.i.
ERLIN2,n.i.,n.i.
ERN1,n.i.,(81)
ERN2,n.i.,n.i.
ETF1,n.d.,n.i.
EWSR1,n.i.,n.i.
EXOC4,n.i.,n.i.
FAM58A;FAM58BP,n.i.,(758)
FAM83A,n.i.,n.d.
FAM83B,(2),n.i.
FAM92B,n.i.,n.d.
FANCI,n.i.,n.i.
FARSB,n.i.,n.i.
FDPS,n.i.,n.i.
FECH,32384,1089
FER,n.i.,47
FES,n.i.,179
FGFR1,n.i.,n.i.
FIBP,n.i.,n.i.
FLNB,n.d.,n.i.
FLT3,n.i.,n.i.
FRK,n.i.,n.i.
FYN,n.i.,125
GAK,1464,5
GAPVD1,(1063),n.i.
GARS,n.i.,n.i.
GEMIN4,n.i.,n.d.
GFPT1,n.d.,n.i.
GHITM,n.i.,n.i.
GLO1,n.d.,n.i.
GNAI2,n.i.,n.d.
GRAMD1A,n.i.,n.i.
GRB2,n.i.,n.i.
GSK3A,n.i.,87
GSK3B,n.i.,80
GSKIP,n.d.,n.d.
GTPBP4,n.i.,n.i.
HBG1,n.i.,n.i.
HCK,n.i.,116
HIST2H2BE;HIST1H2BB;HIST1H2BO;HIST1H2BJ;HIST3H2BB;HIST1H2BA,n.d.,n.d.
HMOX2,n.i.,n.i.
HNRNPH3,n.i.,n.i.
HSP90AB2P,n.i.,n.i.
IARS2,n.d.,n.i.
ICK,n.i.,n.i.
IGF1R,n.i.,n.i.
IGF2BP3,n.i.,n.i.
IKBKE,n.i.,182
IMPDH2,n.i.,n.d.
INCENP,n.i.,n.i.
INPPL1,n.i.,n.i.
INSR,n.i.,n.i.
IPO7,n.i.,n.i.
IRAK1,n.i.,441
IRAK3,n.i.,12
IRAK4,n.i.,194
JAK1,n.i.,n.i.
KIAA0195,n.i.,n.i.
KLHL6,(785),(7)
LAGE3,n.i.,n.i.
LASP1,n.i.,n.i.
LATS1,n.i.,14
LCK,n.i.,73
LIMK1,n.i.,n.i.
LIMK2,n.i.,n.i.
LMAN1,n.d.,n.d.
LYN,n.i.,121
MAP2K1,n.i.,968
MAP2K2,n.i.,n.i.
MAP2K3,n.i.,n.i.
MAP2K5,n.i.,58
MAP2K6,n.i.,4559
MAP3K1,n.i.,n.i.
MAP3K11,n.i.,52
MAP3K2,n.i.,460
MAP3K3,n.i.,442
MAP3K4,n.i.,n.i.
MAP3K5,n.i.,878
MAP3K6,n.i.,1908
MAP4K1,n.i.,n.i.
MAP4K2,n.i.,166
MAP4K3,n.i.,n.i.
MAP4K4,4172,(88)
MAP4K5,n.i.,71
MAPK1,n.i.,n.i.
MAPK11,n.i.,n.i.
MAPK14,n.i.,n.i.
MAPK15,n.i.,90
MAPK3,n.i.,n.i.
MAPK7,n.i.,n.i.
MAPK8,636,151
MAPK9,340,364
MAPKAPK2,n.i.,n.d.
MAPKAPK3,n.i.,n.d.
MAPKAPK5,n.i.,272
MARK2,n.i.,n.i.
MARK3,n.i.,n.i.
MARK4,n.i.,n.d.
MAT2A,n.i.,n.i.
MCM4,n.i.,n.i.
MDH1,n.i.,n.i.
MDN1,n.i.,n.i.
MED23,n.i.,n.i.
MELK,217,29
MET,n.i.,n.i.
MFAP1,n.d.,n.d.
MNAT1,n.i.,n.i.
MOB1A;MOB1B,n.i.,n.i.
MST1R,n.i.,311
MYH14,n.i.,n.i.
MYLK,n.i.,n.i.
MYLK3,483,n.i.
NAT10,n.i.,n.i.
NCKAP1L,n.i.,n.i.
NCL,n.i.,n.i.
NDUFA13,n.i.,n.i.
NEK1,n.i.,n.i.
NEK2,n.i.,n.i.
NEK3,n.i.,n.i.
NEK9,n.i.,n.i.
NLK,n.i.,24
NPM1,n.i.,n.i.
NQO2,1413,n.i.
NTRK1,n.i.,n.i.
NUAK2,n.i.,n.i.
NUCKS1,n.d.,n.d.
OPA1,n.i.,n.i.
OSBPL3,n.i.,n.i.
OSBPL8,n.i.,n.i.
OSGEP,n.i.,n.i.
P4HB,n.i.,n.i.
PAG1,n.i.,n.i.
PAICS,n.i.,n.i.
PAK2,n.i.,n.i.
PAK4,n.i.,515
PCYT1A,n.i.,n.i.
PDCD10,n.i.,n.i.
PDCD11,n.i.,n.d.
PDGFRB,n.i.,103
PDPK1;PDPK2P,n.i.,(10)
PDXK,n.i.,n.i.
PFKP,n.i.,n.i.
PHKA1,n.i.,n.i.
PHKB,n.i.,n.i.
PHKG2,n.i.,397
PIGK,n.i.,n.d.
PIGT,n.i.,n.i.
PIK3R1,n.i.,n.d.
PIM1,n.i.,14
PIP4K2A,n.i.,n.i.
PIP4K2C,n.i.,(3)
PKMYT1,n.i.,n.i.
PKN1,n.i.,244
PKN2,n.i.,n.i.
PKN3,n.i.,n.i.
PLK4,n.i.,33
PPIB,n.i.,n.i.
PPP1CA,n.d.,n.i.
PPP4R2,n.i.,n.d.
PRKAA1,n.i.,159
PRKAB1,n.i.,194
PRKAB2,n.i.,1508
PRKACA,n.i.,n.i.
PRKACB,n.i.,n.i.
PRKACG,n.i.,n.i.
PRKAG1,n.i.,150
PRKAG2,n.i.,208
PRKAR2A,n.i.,n.i.
PRKCA,n.i.,164
PRKCB,n.i.,233
PRKCD,n.i.,80
PRKCE;PRKCH,n.d.,347
PRKCI,n.i.,n.i.
PRKCQ,n.i.,n.d.
PRKCZ,n.d.,n.d.
PRKD2,56,69
PRKD3,90,93
PRKG1,n.i.,n.i.
PRKX;PRKY,n.i.,n.i.
PRPH,n.i.,n.i.
PSMA7,n.i.,n.i.
PSMB6,n.d.,n.i.
PSMC4,n.i.,n.i.
PSMD12,n.i.,n.i.
PSMD7,n.i.,n.i.
PTCD3,n.i.,n.i.
PTK2,n.i.,118
PTK2B,n.i.,30
PTK6,n.i.,n.i.
PTMA,n.d.,n.i.
PTPN1,n.i.,n.i.
PYCR1,n.i.,n.i.
PYGB,n.i.,n.i.
PYGL,n.i.,n.i.
Q6ZSR9,2529,155
RAB10,n.i.,n.i.
RAB27A,n.i.,n.i.
RAB6A,n.i.,n.i.
RABL3,n.i.,n.d.
RAN,n.i.,n.i.
RANGAP1,n.i.,n.d.
RASSF2,n.i.,n.d.
RASSF5,n.i.,n.d.
RET,n.i.,28
RIPK2,n.i.,5
RIPK3,n.i.,(324)
RNPEP,n.i.,n.i.
ROCK1,n.i.,n.i.
ROCK2,n.i.,n.i.
RPL10,n.i.,n.i.
RPL13,n.i.,n.i.
RPL28,n.i.,n.i.
RPL31,n.i.,n.i.
RPL35,n.i.,n.i.
RPL35A,n.i.,n.i.
RPL4,n.i.,n.i.
RPL6,n.i.,n.i.
RPS4X,n.i.,n.i.
RPS6KA1,n.i.,251
RPS6KA3,n.i.,166
RPS6KA4,n.i.,111
RPS6KA5,n.i.,298
RPS6KA6,n.i.,57
RPS6KB1,n.i.,n.i.
RRP8,n.d.,n.d.
S100A6,n.i.,n.i.
SARNP,n.d.,n.i.
SAV1,n.i.,n.d.
SEC16A,n.i.,n.d.
SEPT9,n.i.,n.i.
SGTA,n.i.,n.d.
SIK2,n.i.,240
SIK3,n.i.,356
SKIV2L2,n.i.,n.i.
SLC16A3,n.i.,n.i.
SLC25A11,n.i.,n.i.
SLC25A5,n.i.,n.i.
SLC25A6,n.i.,n.i.
SLC2A1,n.i.,n.i.
SLC5A1,n.d.,98
SLK,n.i.,113
SMARCC1,n.i.,n.d.
SMARCE1,n.i.,n.i.
SMC1A,n.d.,n.i.
SMC2,n.i.,n.i.
SNAP29,n.i.,n.d.
SNRNP200,n.i.,n.i.
SPAG9,n.d.,n.d.
SRC,n.i.,n.i.
SRPR,n.i.,n.i.
SRSF2,n.i.,n.i.
SSR1,n.i.,n.i.
STK10,n.i.,14
STK11,n.i.,n.i.
STK16,n.i.,186
STK24,n.i.,n.d.
STK26,n.i.,n.i.
STK3,n.i.,70
STK4,n.i.,67
STRADA,n.i.,n.i.
SUCLA2,n.d.,n.i.
SUMO2,n.i.,(193)
SYK,n.i.,n.i.
SYNGR2,n.i.,n.d.
TANK,n.i.,571
TAOK1,n.i.,17
TAOK2,n.i.,(10)
TAOK3,n.i.,21
TBK1,n.i.,452
TBKBP1,n.i.,870
TEC,n.i.,n.i.
TESK1,n.i.,n.d.
TEX264,n.i.,n.i.
TGFBR1,n.i.,149
TGFBR2,n.i.,n.i.
THRAP3,n.i.,n.d.
TMEM33,n.i.,n.i.
TNIK,2343,n.d.
TNK1,n.i.,1778
TNK2,n.i.,n.i.
TOP2A,n.i.,n.i.
TOP2B,n.i.,n.i.
TP53RK,n.i.,311
TPRKB,n.i.,n.i.
TRAF2,n.i.,n.d.
TRAF7,n.i.,n.d.
TRRAP,n.i.,n.d.
TTK,n.i.,n.d.
TUFM,n.i.,n.i.
TXN,n.i.,n.i.
TYK2,n.i.,n.i.
UBAP2L,n.i.,n.i.
UBASH3B,n.i.,n.d.
UBE3C,n.i.,n.i.
UGGT1,n.i.,n.i.
ULK1,n.i.,n.i.
ULK3,n.i.,(474)
UNC119,n.i.,99
VDAC3,n.i.,n.i.
WEE1,n.i.,n.i.
YARS,n.i.,n.i.
YES1,n.i.,n.i.
YWHAG,n.i.,n.i.
YWHAQ,n.i.,n.i.
ZAK,n.i.,101
ACAD10,n.i.,n.i.
ACOX1,n.i.,n.d.
ACSL5,n.i.,n.d.
ACVRL1,n.d.,n.d.
AFF1,n.i.,n.i.
AFF4,n.i.,n.i.
APRT,n.i.,n.i.
BRD4,n.d.,n.d.
CALM1,n.i.,n.i.
CAMK1G,n.d.,n.d.
CDK3,n.i.,n.i.
CNOT2,n.i.,n.d.
DBI,n.i.,n.i.
DNAJC3,n.d.,n.d.
EIF3M,n.i.,n.i.
EPHA7,n.i.,(16)
ETFB,n.i.,n.i.
ILK,n.i.,n.d.
INA,n.d.,n.d.
MAPK10,3243,112
MYH10,n.d.,n.d.
OLA1,n.i.,n.i.
PAK6,n.i.,n.d.
PASK,n.d.,n.i.
PCBP2;PCBP3,n.i.,n.i.
PEBP1,n.i.,n.i.
PGD,n.i.,n.i.
PIM2,n.i.,n.d.
PLA2G2A,n.d.,n.d.
PLK1,n.d.,n.d.
PSMD6,n.i.,n.i.
PYCR2,n.i.,n.d.
SAE1,n.d.,n.i.
ADD2,n.d.,n.i.
ALK,n.d.,n.i.
CARS,n.i.,n.i.
CKAP5,n.i.,n.d.
CLK2,n.i.,n.i.
DDT;DDTL,n.i.,n.i.
DHX30,n.i.,(6)
FADS2,n.d.,(199)
FANCD2,n.i.,n.d.
GRK6,n.i.,n.d.
PGRMC1,n.i.,n.d.
PSMG1,n.d.,n.i.
STK38,n.d.,n.d.
YTHDF3;YTHDF1,n.i.,n.i.
EIF2B1,n.d.,n.i.
KIT,n.d.,n.d.
MERTK,n.i.,n.d.
MLLT1,n.d.,n.d.
NEK7,n.i.,n.i.
PIP4K2A;PIP4K2B,n.d.,n.d.
STK38L,n.i.,n.d.
MAP2K4,n.d.,n.d.
MINK1,n.d.,n.d.
SNRPF,n.d.,n.i.
DNAJB11,n.d.,n.i.
FGR,n.d.,n.d.
GSPT2,n.d.,n.i.
JAK2,n.d.,n.d.
CDK10,n.d.,n.d.
CDK18,n.i.,n.d.
CMPK1,n.d.,n.i.
DYRK1B,n.i.,n.d.
RASSF3,n.d.,n.d.
S100A8,n.d.,n.d.
TESK2,n.i.,n.d.
NME2,n.d.,n.d.
NME2P1,n.d.,n.d.
SMS,n.d.,(172)
FAH,n.d.,n.d.
LSM3,n.d.,n.i.
PHKA2,n.d.,n.i.
CBR1,n.d.,n.i.
RAC1,n.d.,n.d.
U2AF1;U2AF1L4,n.d.,n.d.
PRKX,n.d.,n.d.
